Module Code,last_name,Module term
Joseph,Sphinxe,jsphinxe0@php.net
Bill,Bevis,
Celestine,Hacaud,chacaud2@squidoo.com
Karlene,Sweetman,ksweetman3@yahoo.co.jp
Dimitry,Jutson,djutson4@hibu.com
Wyatan,McDiarmid,
Deck,Calloway,dcalloway6@theatlantic.com
Martica,Kell,mkell7@comsenz.com
Cindie,Hardway,chardway8@sourceforge.net
Adrian,Tampin,atampin9@alexa.com
Daisi,Heatherington,dheatheringtona@apple.com
Alphard,Hodcroft,ahodcroftb@issuu.com
Mercie,Biagini,mbiaginic@w3.org
Arluene,Benza,abenzad@sohu.com
Sibylle,Pimblotte,spimblottee@ucoz.com
Teador,Snawdon,tsnawdonf@mlb.com
Abbe,Linck,alinckg@shop-pro.jp
Paulie,Veschambre,pveschambreh@psu.edu
Cecilia,McCarly,cmccarlyi@studiopress.com
Washington,Kiezler,wkiezlerj@unc.edu
Judon,Bengochea,jbengocheak@linkedin.com
Brannon,Amburgy,bamburgyl@addtoany.com
Pansie,Chastelain,pchastelainm@delicious.com
Brendis,Cotman,bcotmann@bigcartel.com
Oswald,Chadwyck,ochadwycko@state.tx.us
Dag,Gallehock,dgallehockp@cpanel.net
Carina,O'Loughane,coloughaneq@ameblo.jp
Ninetta,Ferreira,nferreirar@msn.com
Retha,Huster,rhusters@bbc.co.uk
Delila,Kleinberer,dkleinberert@google.es
Milzie,Frankcombe,mfrankcombeu@pbs.org
Tucker,Maude,tmaudev@nba.com
Christoforo,Mityushin,cmityushinw@techcrunch.com
Puff,Kinghorn,pkinghornx@washington.edu
Tobit,Uff,tuffy@canalblog.com
Ardelia,Tremain,atremainz@epa.gov
Esra,Ernke,eernke10@stanford.edu
Lacee,Rudland,lrudland11@vinaora.com
Raul,MacAless,rmacaless12@sourceforge.net
Annissa,Swinn,aswinn13@foxnews.com
Ernestine,Delete,edelete14@trellian.com
Alain,Dounbare,adounbare15@sogou.com
Morna,Arangy,marangy16@engadget.com
Nicolis,Truluck,ntruluck17@ebay.co.uk
Tamara,Pettigree,tpettigree18@tmall.com
Druci,Feavyour,dfeavyour19@forbes.com
Evonne,Gentery,egentery1a@samsung.com
Adrea,Sudlow,asudlow1b@php.net
Kathryne,Wrenn,kwrenn1c@alibaba.com
Julie,Pendock,jpendock1d@csmonitor.com
Chaim,Groucock,cgroucock1e@jimdo.com
Bee,Dealtry,bdealtry1f@canalblog.com
Ethelda,Rengger,erengger1g@hc360.com
Pavlov,MacQuist,pmacquist1h@cbsnews.com
Zacharia,Anfossi,zanfossi1i@ucla.edu
Eleanor,Daysh,edaysh1j@chron.com
Adorne,Glastonbury,aglastonbury1k@artisteer.com
Kerwin,Lathleiffure,klathleiffure1l@army.mil
Ramsay,Marsay,rmarsay1m@sciencedirect.com
Avictor,Makey,amakey1n@theglobeandmail.com
Bucky,Harefoot,bharefoot1o@shop-pro.jp
Sigismondo,Nulty,snulty1p@si.edu
Darryl,Ralph,dralph1q@posterous.com
Robina,Dodimead,rdodimead1r@tripadvisor.com
Alison,Wickey,awickey1s@hud.gov
Friedrick,Sussex,fsussex1t@ted.com
Claudius,Cargon,ccargon1u@home.pl
Lyssa,Roddell,lroddell1v@jugem.jp
Melitta,Ivankov,mivankov1w@godaddy.com
Zebulen,Estoile,zestoile1x@google.co.jp
Ashley,Portwain,aportwain1y@rakuten.co.jp
Brennen,Bird,bbird1z@photobucket.com
Issi,Surplice,isurplice20@bloglines.com
Marlena,Elington,melington21@washingtonpost.com
Yuma,Beggs,ybeggs22@1und1.de
Gal,Rignold,grignold23@livejournal.com
Kiel,Sainte Paul,ksaintepaul24@tamu.edu
Germayne,Hullot,ghullot25@mapy.cz
Atlanta,Strotone,astrotone26@omniture.com
Cynthy,Dominick,cdominick27@jalbum.net
Marla,Morena,mmorena28@bluehost.com
Maddy,Driffield,mdriffield29@who.int
Claudine,Jeanon,cjeanon2a@istockphoto.com
Verne,Abeles,vabeles2b@cargocollective.com
Winifred,Posthill,wposthill2c@opera.com
Siana,Axelbey,saxelbey2d@sakura.ne.jp
Florie,Acres,facres2e@aboutads.info
Travus,Altree,taltree2f@ox.ac.uk
Wilona,Algate,walgate2g@github.io
Codi,D'Aguanno,cdaguanno2h@etsy.com
Quent,Renackowna,qrenackowna2i@latimes.com
Clare,Rudolfer,crudolfer2j@unc.edu
Kayley,Lipmann,klipmann2k@soup.io
Benjy,MacCardle,bmaccardle2l@amazon.de
Gene,Wetherhead,gwetherhead2m@phoca.cz
Eugenie,Allery,eallery2n@typepad.com
Whitney,Trundell,wtrundell2o@netvibes.com
Mae,Josselson,mjosselson2p@ed.gov
Brittne,Creenan,bcreenan2q@gmpg.org
Mollee,Bradley,mbradley2r@ft.com
Adolpho,Le Sieur,alesieur2s@google.fr
Richy,Farlowe,rfarlowe2t@eventbrite.com
Ashien,Beirne,abeirne2u@blogspot.com
Conrad,Quarton,cquarton2v@ifeng.com
Adolph,Kinnaird,akinnaird2w@etsy.com
Micaela,Jeafferson,mjeafferson2x@netscape.com
Catlin,Crockford,ccrockford2y@mozilla.org
Ganny,Aiskovitch,gaiskovitch2z@latimes.com
Cully,Pirolini,cpirolini30@bing.com
Codi,Veelers,cveelers31@usa.gov
Brand,Armall,barmall32@who.int
Salvatore,Shortan,sshortan33@ucsd.edu
Martie,Deason,mdeason34@fda.gov
Margalo,Macon,mmacon35@yandex.ru
Gabie,Rizzardi,grizzardi36@google.com.hk
Bron,Collister,bcollister37@technorati.com
Lefty,Georgelin,lgeorgelin38@ibm.com
Harley,Clemmen,hclemmen39@sciencedirect.com
Rudie,Clissell,rclissell3a@diigo.com
Jerad,Pawson,jpawson3b@ftc.gov
Kimble,Donoghue,kdonoghue3c@sun.com
Emmit,Rhead,erhead3d@mac.com
Raffaello,Morigan,rmorigan3e@harvard.edu
Janeta,McGettigan,jmcgettigan3f@booking.com
Ninetta,Tibald,ntibald3g@biglobe.ne.jp
Tonye,Kreutzer,tkreutzer3h@mail.ru
Meara,Peasey,mpeasey3i@dailymotion.com
Maible,Nyles,mnyles3j@clickbank.net
Curtis,Dacca,cdacca3k@twitter.com
Tybie,Harlett,tharlett3l@naver.com
Marigold,Gruszecki,mgruszecki3m@ning.com
Chlo,Jerschke,cjerschke3n@exblog.jp
Fergus,MacGall,fmacgall3o@1und1.de
Wally,Deboick,wdeboick3p@joomla.org
Rabi,Martensen,rmartensen3q@dell.com
Zerk,Furzey,zfurzey3r@oakley.com
Brear,Roony,broony3s@123-reg.co.uk
Valencia,Snowding,vsnowding3t@fda.gov
Lane,Hailey,lhailey3u@cpanel.net
Lemmie,McCurtin,lmccurtin3v@miibeian.gov.cn
Terrill,Scorer,tscorer3w@oakley.com
Hortensia,Rozycki,hrozycki3x@google.cn
Mendel,Sirmon,msirmon3y@ycombinator.com
Rafaellle,Cormode,rcormode3z@ucla.edu
Esmaria,Hofton,ehofton40@si.edu
Killian,Brockelsby,kbrockelsby41@cmu.edu
Jemmy,Whitmarsh,jwhitmarsh42@bandcamp.com
Roberta,Downing,rdowning43@cbsnews.com
Linda,Wenn,lwenn44@dion.ne.jp
Gerhardine,Drinkall,gdrinkall45@yahoo.co.jp
Mariana,McGarrity,mmcgarrity46@wired.com
Normy,Tuminini,ntuminini47@ihg.com
Marchall,Olivetti,molivetti48@smh.com.au
Baxie,Bridell,bbridell49@homestead.com
Letitia,Matuszak,lmatuszak4a@nifty.com
Isaac,Dyers,idyers4b@parallels.com
Madeleine,Hawtrey,mhawtrey4c@ca.gov
Pennie,McFarlan,pmcfarlan4d@google.com
Bridie,Milsted,bmilsted4e@naver.com
Harmony,Tute,htute4f@oracle.com
Rolando,Crilley,rcrilley4g@t.co
Matthiew,Widmore,mwidmore4h@prweb.com
Gisella,Trevino,gtrevino4i@github.io
Clarice,Pendrey,cpendrey4j@printfriendly.com
Brittni,Bockmaster,bbockmaster4k@photobucket.com
Ilse,Heugel,iheugel4l@usnews.com
Laurens,Vesque,lvesque4m@weebly.com
Octavius,Shooter,oshooter4n@statcounter.com
Brade,MacNeillie,bmacneillie4o@flavors.me
Norah,Frohock,nfrohock4p@nifty.com
Nataniel,St Ledger,nstledger4q@phoca.cz
Abbey,Dungee,adungee4r@uiuc.edu
Berky,Shearstone,bshearstone4s@loc.gov
Guy,Rapinett,grapinett4t@uiuc.edu
Eyde,Reese,ereese4u@webeden.co.uk
Dianemarie,Grzegorczyk,dgrzegorczyk4v@flickr.com
Madeline,Goucher,mgoucher4w@instagram.com
Zachary,Cobson,zcobson4x@foxnews.com
Marybelle,Ankrett,mankrett4y@sfgate.com
Berrie,Tammadge,btammadge4z@ifeng.com
Giraud,Cud,gcud50@msn.com
Terrell,Underwood,tunderwood51@ox.ac.uk
Sena,Hasser,shasser52@woothemes.com
Sanford,Ritchings,sritchings53@privacy.gov.au
Livia,Twaite,ltwaite54@bing.com
Joanna,Lord,jlord55@archive.org
Kellyann,Martine,kmartine56@delicious.com
Chas,Audibert,caudibert57@mapy.cz
Solomon,Lendon,slendon58@amazon.com
Cordie,Rignold,crignold59@wunderground.com
Wayne,O'Keeffe,wokeeffe5a@altervista.org
Jermain,Turfs,jturfs5b@imgur.com
Sascha,Grestie,sgrestie5c@slashdot.org
Ryan,Jenckes,rjenckes5d@intel.com
Jilli,Harrie,jharrie5e@webeden.co.uk
Cheslie,Klebes,cklebes5f@oracle.com
Muffin,Loudyan,mloudyan5g@foxnews.com
Jany,Clew,jclew5h@free.fr
Darleen,Plevey,dplevey5i@4shared.com
Rubetta,Carnew,rcarnew5j@myspace.com
Virgilio,Steers,vsteers5k@xing.com
Belicia,Houseman,bhouseman5l@hatena.ne.jp
Clement,Bentham3,cbentham5m@blogtalkradio.com
Tessie,Martineau,tmartineau5n@i2i.jp
Algernon,Mulligan,amulligan5o@vimeo.com
Nana,Neild,nneild5p@list-manage.com
Jeana,Werner,jwerner5q@bluehost.com
Erroll,Spread,espread5r@tinyurl.com
Annette,Laughnan,alaughnan5s@home.pl
Zacharia,Gowthorpe,zgowthorpe5t@tripadvisor.com
Mercedes,Bowart,mbowart5u@va.gov
Peri,Bolzen,pbolzen5v@latimes.com
Kippar,Jansen,kjansen5w@over-blog.com
Daveen,Cameron,dcameron5x@ameblo.jp
Kelcey,Avramovsky,kavramovsky5y@google.it
Andree,Endle,aendle5z@samsung.com
Karlik,Romeo,kromeo60@eepurl.com
Sigismundo,Anderl,sanderl61@wiley.com
Antonio,Roskell,aroskell62@npr.org
Benyamin,Westney,bwestney63@yale.edu
Regan,Hornig,rhornig64@princeton.edu
Hillyer,M'Chirrie,hmchirrie65@reference.com
Esteban,Rodway,erodway66@buzzfeed.com
Lyn,Fitzsimmons,lfitzsimmons67@amazon.com
Katya,Gummary,kgummary68@cam.ac.uk
Hally,Cullinan,hcullinan69@a8.net
Charmaine,Mattioni,cmattioni6a@is.gd
Fonzie,Geeson,fgeeson6b@studiopress.com
Nickie,Bungey,nbungey6c@yahoo.com
Robbie,Tissiman,rtissiman6d@netlog.com
Gallagher,Titcom,gtitcom6e@answers.com
Christy,Cowx,ccowx6f@vkontakte.ru
Robbin,Frudd,rfrudd6g@w3.org
Iago,Marielle,imarielle6h@jigsy.com
Giraldo,Duesberry,gduesberry6i@marketwatch.com
Darrel,De Brett,ddebrett6j@examiner.com
Nichols,Whitnell,nwhitnell6k@slideshare.net
Noble,Billam,nbillam6l@dot.gov
Aldis,Buckett,abuckett6m@ebay.com
Dusty,Tetla,dtetla6n@tmall.com
Dannie,Gotthard.sf,dgotthardsf6o@opensource.org
Oralia,Kybbye,okybbye6p@delicious.com
Dante,Scinelli,dscinelli6q@cbslocal.com
Nicola,Woolward,nwoolward6r@ihg.com
Michail,Amott,mamott6s@patch.com
Trevor,Everwin,teverwin6t@artisteer.com
Thedrick,Bikker,tbikker6u@ow.ly
Thom,Bernardes,tbernardes6v@list-manage.com
Miner,Lemerle,mlemerle6w@sakura.ne.jp
Connie,Heard,cheard6x@bandcamp.com
Nichole,Geraud,ngeraud6y@prlog.org
Issy,Vauls,ivauls6z@desdev.cn
Gaby,Dewsbury,gdewsbury70@parallels.com
Jerrold,Seston,jseston71@usda.gov
Rey,Skaife,rskaife72@yale.edu
Michale,Balden,mbalden73@tinyurl.com
York,Hynd,yhynd74@cpanel.net
Berkeley,MacAdie,bmacadie75@squidoo.com
Suzanna,McCarroll,smccarroll76@free.fr
Cad,Skermer,cskermer77@omniture.com
Debi,Konke,dkonke78@geocities.com
Neale,Jedryka,njedryka79@ihg.com
Joya,Pavek,jpavek7a@github.io
Kari,Jaspar,kjaspar7b@jiathis.com
Cort,Takle,ctakle7c@cbsnews.com
Bronny,Gethins,bgethins7d@zdnet.com
Lucita,Chasles,lchasles7e@google.com.br
Alon,Gipp,agipp7f@java.com
Fowler,Lownes,flownes7g@cnet.com
Byrom,Cud,bcud7h@barnesandnoble.com
Reynard,Boulding,rboulding7i@weebly.com
Daphna,Wrightam,dwrightam7j@list-manage.com
Germayne,Vockins,gvockins7k@nytimes.com
Baxy,Dunnett,bdunnett7l@histats.com
Rod,Rattery,rrattery7m@skype.com
Riane,Dungate,rdungate7n@ft.com
Evvie,Siley,esiley7o@mashable.com
Kerrill,Fetherstone,kfetherstone7p@cornell.edu
Morty,Roffey,mroffey7q@smh.com.au
Denys,Brainsby,dbrainsby7r@yellowpages.com
Sibyl,Lancastle,slancastle7s@taobao.com
Sioux,Bambery,sbambery7t@sitemeter.com
Teador,Grichukhanov,tgrichukhanov7u@reddit.com
Bartolemo,Halsted,bhalsted7v@buzzfeed.com
Maddie,Yepiskov,myepiskov7w@hatena.ne.jp
Daven,Pieper,dpieper7x@umn.edu
Rinaldo,Newvell,rnewvell7y@ox.ac.uk
Kori,Huttley,khuttley7z@vkontakte.ru
Thadeus,McGarvie,tmcgarvie80@discuz.net
Archy,O'Regan,aoregan81@harvard.edu
Kimble,Coggeshall,kcoggeshall82@clickbank.net
Leland,Fanning,lfanning83@devhub.com
Vicki,Cicerone,vcicerone84@adobe.com
Beverly,Mulhill,bmulhill85@nydailynews.com
Janice,Slyman,jslyman86@ucoz.com
Brander,Trace,btrace87@seattletimes.com
Fabe,Keningley,fkeningley88@independent.co.uk
Liv,Frosch,lfrosch89@blogtalkradio.com
Dena,Goulborn,dgoulborn8a@example.com
Hatty,Spadeck,hspadeck8b@twitter.com
Axe,Lintill,alintill8c@163.com
Web,Betjes,wbetjes8d@google.nl
Renard,Labon,rlabon8e@dot.gov
Franchot,Domenc,fdomenc8f@last.fm
Lida,Aizikovich,laizikovich8g@ebay.com
Leonore,Goretti,lgoretti8h@earthlink.net
Palmer,Budnk,pbudnk8i@zdnet.com
Arlee,MacAllester,amacallester8j@unc.edu
Chauncey,Meir,cmeir8k@telegraph.co.uk
Kahlil,Glabach,kglabach8l@instagram.com
Olia,Tresise,otresise8m@so-net.ne.jp
Milly,Casebourne,mcasebourne8n@pen.io
Titus,Nasi,tnasi8o@technorati.com
Ed,Scarratt,escarratt8p@nymag.com
Stacie,Keenor,skeenor8q@indiegogo.com
Dorothy,McKissack,dmckissack8r@google.com
Tansy,Emslie,temslie8s@earthlink.net
Lillis,Salsberg,lsalsberg8t@dyndns.org
Cherice,Phair,cphair8u@deliciousdays.com
Codie,Guerre,cguerre8v@mozilla.com
Sharity,Stedson,sstedson8w@zdnet.com
Aloisia,Mickelwright,amickelwright8x@europa.eu
Sharyl,Conroy,sconroy8y@eepurl.com
Donn,Renols,drenols8z@istockphoto.com
Fredra,Birtle,fbirtle90@cornell.edu
Cleve,Seilmann,cseilmann91@github.io
Renaldo,Brooks,rbrooks92@cisco.com
Bram,Mattimoe,bmattimoe93@dropbox.com
Tony,Benbrick,tbenbrick94@about.com
Pearline,Hawksby,phawksby95@odnoklassniki.ru
Melicent,Rolse,mrolse96@creativecommons.org
Carrol,Furmenger,cfurmenger97@ucla.edu
Noelyn,Blandford,nblandford98@wikispaces.com
Zebadiah,Towse,ztowse99@nymag.com
Lucais,Gareisr,lgareisr9a@si.edu
Ferdie,Gatrell,fgatrell9b@ifeng.com
Kelsey,Ashmole,kashmole9c@shutterfly.com
Elnar,Kamiyama,ekamiyama9d@nps.gov
Jessica,Woolcocks,jwoolcocks9e@4shared.com
Manda,Morphey,mmorphey9f@facebook.com
Jacqui,Meriet,jmeriet9g@indiatimes.com
Piper,Pote,ppote9h@yellowbook.com
Joice,Baudacci,jbaudacci9i@skype.com
Rosy,Meikle,rmeikle9j@google.nl
Riccardo,Costello,rcostello9k@forbes.com
Cody,Dockwra,cdockwra9l@amazon.co.uk
Martie,Trippitt,mtrippitt9m@miibeian.gov.cn
Ileane,Di Biagi,idibiagi9n@edublogs.org
Stepha,Erskin,serskin9o@booking.com
Irma,Tedstone,itedstone9p@google.fr
Mason,Veltman,mveltman9q@hhs.gov
Celia,Filyashin,cfilyashin9r@columbia.edu
Gallard,Connochie,gconnochie9s@paypal.com
Dore,Pentelow,dpentelow9t@psu.edu
Lynnell,Cicci,lcicci9u@nps.gov
Isador,Aries,iaries9v@jugem.jp
Ardys,Sockell,asockell9w@infoseek.co.jp
Boone,Gotmann,bgotmann9x@google.it
Jimmy,Blaycock,jblaycock9y@amazonaws.com
Charmion,Cheek,ccheek9z@hexun.com
Aguie,Raggles,aragglesa0@shareasale.com
Isiahi,Tabor,itabora1@salon.com
Berke,Boyford,bboyforda2@dell.com
Cammy,Aikin,caikina3@over-blog.com
Chrissie,Lisamore,clisamorea4@dropbox.com
Nelie,Jouanot,njouanota5@opensource.org
Verine,Wollaston,vwollastona6@dailymotion.com
Ignacio,Brittain,ibrittaina7@mysql.com
Steffane,Chatfield,schatfielda8@oracle.com
Rafaellle,Blazevic,rblazevica9@techcrunch.com
Jim,Douglas,jdouglasaa@abc.net.au
Cecilio,Revely,crevelyab@marriott.com
Fallon,Licas,flicasac@dedecms.com
Antonio,Coley,acoleyad@discovery.com
Julee,Ragless,jraglessae@newyorker.com
Deana,Bigley,dbigleyaf@dagondesign.com
Reinald,Sharrock,rsharrockag@imdb.com
Ilene,Fardon,ifardonah@abc.net.au
Janith,Kinsella,jkinsellaai@howstuffworks.com
Sindee,Heinert,sheinertaj@disqus.com
Stephanus,Farlambe,sfarlambeak@irs.gov
Cobby,Spacie,cspacieal@exblog.jp
Casie,Haly,chalyam@meetup.com
Elsi,Ryall,eryallan@networksolutions.com
Barnabe,Morcom,bmorcomao@hao123.com
Kahaleel,Kilgrew,kkilgrewap@unicef.org
Mitch,Lyosik,mlyosikaq@privacy.gov.au
Nadya,MacArdle,nmacardlear@shareasale.com
Ingar,Duddin,iduddinas@cornell.edu
Pandora,Noirel,pnoirelat@cdbaby.com
Jan,Crafts,jcraftsau@addthis.com
Joanne,Scarman,jscarmanav@constantcontact.com
Derwin,Arbuckel,darbuckelaw@prnewswire.com
Nickolas,Cauldfield,ncauldfieldax@wsj.com
Forest,Klimontovich,fklimontovichay@epa.gov
Ginger,Pawlick,gpawlickaz@archive.org
Aubrie,Volkers,avolkersb0@auda.org.au
Lacee,Regitz,lregitzb1@jalbum.net
Kellen,MacGille,kmacgilleb2@photobucket.com
Jojo,Brouard,jbrouardb3@theatlantic.com
Nickie,Howatt,nhowattb4@si.edu
Joe,Kares,jkaresb5@spotify.com
Monroe,Gorvette,mgorvetteb6@merriam-webster.com
Kriste,Budgett,kbudgettb7@ft.com
Nara,Dumblton,ndumbltonb8@mashable.com
Loralee,Breach,lbreachb9@acquirethisname.com
Stanleigh,Anyene,sanyeneba@bigcartel.com
Morgana,Bernuzzi,mbernuzzibb@google.com
Anne-marie,Freddi,afreddibc@about.me
Rosette,Yepiskov,ryepiskovbd@gmpg.org
Tailor,Elford,telfordbe@usgs.gov
Hubie,Barge,hbargebf@go.com
Rowan,Chastand,rchastandbg@ebay.co.uk
Frank,Mattersley,fmattersleybh@creativecommons.org
Quincey,Guislin,qguislinbi@twitter.com
Tandi,Jeroch,tjerochbj@gov.uk
Ashley,Bridgwater,abridgwaterbk@discuz.net
Wesley,Walshaw,wwalshawbl@ycombinator.com
Alika,McKendo,amckendobm@auda.org.au
Kaitlin,Tierny,ktiernybn@sourceforge.net
Aylmar,Camus,acamusbo@reference.com
Rutledge,Bolley,rbolleybp@devhub.com
Jessi,Creighton,jcreightonbq@mapquest.com
Letitia,Vasilchenko,lvasilchenkobr@sina.com.cn
Glenden,Huish,ghuishbs@mlb.com
Baily,Bhar,bbharbt@mlb.com
Dian,Salter,dsalterbu@cocolog-nifty.com
Barbette,Alphege,balphegebv@google.de
Joe,McKew,jmckewbw@liveinternet.ru
Shel,Wiltshaw,swiltshawbx@intel.com
Iosep,Macci,imacciby@ibm.com
Tome,Adess,tadessbz@mac.com
Bonny,Melhuish,bmelhuishc0@utexas.edu
Moshe,Havers,mhaversc1@indiatimes.com
Jessika,Trouncer,jtrouncerc2@ucoz.ru
Briant,Salvin,bsalvinc3@gizmodo.com
Marni,Maypowder,mmaypowderc4@pcworld.com
Jennilee,Woodwin,jwoodwinc5@opensource.org
Chanda,Plumbridge,cplumbridgec6@geocities.jp
Ceil,Brunet,cbrunetc7@vkontakte.ru
Nicol,Wesker,nweskerc8@live.com
Hobart,Belmont,hbelmontc9@discovery.com
Berget,Crosham,bcroshamca@uiuc.edu
Ediva,Cockayne,ecockaynecb@istockphoto.com
Brianne,Dunridge,bdunridgecc@timesonline.co.uk
Irvine,Klemmt,iklemmtcd@chicagotribune.com
Elnore,Ould,eouldce@hud.gov
Ardyce,Mordaunt,amordauntcf@163.com
Catherine,Lezemore,clezemorecg@aol.com
Korie,Puncher,kpuncherch@guardian.co.uk
Barbette,Simpkins,bsimpkinsci@posterous.com
Carole,Paffitt,cpaffittcj@google.ca
Nancie,Bilborough,nbilboroughck@mail.ru
Morganica,Wooddisse,mwooddissecl@pbs.org
Ginnie,Darnborough,gdarnboroughcm@netvibes.com
Laura,MacCracken,lmaccrackencn@microsoft.com
Hort,Blaik,hblaikco@harvard.edu
Kent,Sipson,ksipsoncp@dmoz.org
Hussein,Tabrett,htabrettcq@yolasite.com
Filip,Simeonov,fsimeonovcr@simplemachines.org
Beth,Cracknell,bcracknellcs@so-net.ne.jp
Nerte,Krochmann,nkrochmannct@goo.gl
Dita,Georgi,dgeorgicu@miitbeian.gov.cn
Waldon,Sallter,wsalltercv@last.fm
Jules,Robel,jrobelcw@sakura.ne.jp
Lenka,Finnemore,lfinnemorecx@linkedin.com
Gerardo,Summersby,gsummersbycy@latimes.com
Olive,O'Dwyer,oodwyercz@hexun.com
Lyman,Manns,lmannsd0@nasa.gov
Herschel,Hepher,hhepherd1@nationalgeographic.com
Joyce,Heindrick,jheindrickd2@alibaba.com
Titos,Dennant,tdennantd3@example.com
Yevette,Dayment,ydaymentd4@wufoo.com
Hugo,Exelby,hexelbyd5@apache.org
Willy,Tickner,wticknerd6@cam.ac.uk
Nicky,Klammt,nklammtd7@google.co.jp
Cyndi,Hartup,chartupd8@ed.gov
Thedrick,Sidebotham,tsidebothamd9@creativecommons.org
Nikki,Allitt,nallittda@yale.edu
Tomkin,Chamberlen,tchamberlendb@loc.gov
Pegeen,Weth,pwethdc@geocities.jp
Mord,Binden,mbindendd@sourceforge.net
Karylin,Doody,kdoodyde@cyberchimps.com
Stephine,Twittey,stwitteydf@yandex.ru
Hildagarde,Mulqueen,hmulqueendg@google.pl
Robbie,Dunstall,rdunstalldh@sogou.com
Maitilde,Kliemke,mkliemkedi@cbc.ca
Gael,Badsworth,gbadsworthdj@nasa.gov
Tommi,Mundee,tmundeedk@scientificamerican.com
Lea,Greenwood,lgreenwooddl@sogou.com
Claudie,Raraty,craratydm@51.la
Garland,Kleinstein,gkleinsteindn@bloomberg.com
Benjamen,Bendel,bbendeldo@nasa.gov
Aldwin,Thurley,athurleydp@wunderground.com
Tildie,Heinsh,theinshdq@homestead.com
Arty,Reside,aresidedr@canalblog.com
Rea,Hinge,rhingeds@godaddy.com
Priscilla,Trimme,ptrimmedt@bbb.org
Frazer,Bartleet,fbartleetdu@cornell.edu
Justis,Toal,jtoaldv@symantec.com
Kathleen,Curtiss,kcurtissdw@goo.ne.jp
Trix,Carpenter,tcarpenterdx@quantcast.com
Georges,Primrose,gprimrosedy@cocolog-nifty.com
Lukas,Lidierth,llidierthdz@rakuten.co.jp
Susy,Bemwell,sbemwelle0@loc.gov
Netti,Stoll,nstolle1@pen.io
Raymund,Cloney,rcloneye2@devhub.com
Abrahan,Manilow,amanilowe3@ihg.com
Karlis,Ruzek,kruzeke4@yelp.com
Ole,Feldstern,ofeldsterne5@free.fr
Jeri,Lawler,jlawlere6@who.int
Izak,Merali,imeralie7@wired.com
Rriocard,Romera,rromerae8@upenn.edu
Claus,Emery,cemerye9@adobe.com
Bordy,Entwhistle,bentwhistleea@businesswire.com
Tessi,Draysay,tdraysayeb@acquirethisname.com
Twyla,De Andreis,tdeandreisec@blogs.com
Ninetta,Ughelli,nughellied@google.it
Stormi,Abramamov,sabramamovee@imdb.com
Jervis,Sanchez,jsanchezef@walmart.com
Kendal,Botte,kbotteeg@bloglovin.com
Jarid,Yakobowitz,jyakobowitzeh@techcrunch.com
Sabra,Toomey,stoomeyei@ft.com
Skippy,Raitie,sraitieej@booking.com
Laurice,Mouncey,lmounceyek@google.com.hk
Rollins,Keller,rkellerel@archive.org
Lida,Sansom,lsansomem@domainmarket.com
Waldemar,Hucks,whucksen@instagram.com
Evvie,Carstairs,ecarstairseo@posterous.com
Lamont,Winthrop,lwinthropep@cargocollective.com
Chester,Corney,ccorneyeq@sbwire.com
Zola,Gornal,zgornaler@xing.com
Trevor,Godman,tgodmanes@wikia.com
Antoni,Gimblet,agimbletet@newsvine.com
Yvonne,Jouhning,yjouhningeu@reddit.com
Helaina,Chalker,hchalkerev@so-net.ne.jp
Marcellus,Pepler,mpeplerew@seesaa.net
Donica,Leggett,dleggettex@apple.com
Adelle,Trayford,atrayfordey@goo.gl
Anatol,Godfray,agodfrayez@fda.gov
Francesca,Monkley,fmonkleyf0@surveymonkey.com
Annalee,Lauxmann,alauxmannf1@guardian.co.uk
Rodina,Cowperthwaite,rcowperthwaitef2@bloglines.com
Benedict,Benting,bbentingf3@livejournal.com
Darcee,Burchmore,dburchmoref4@list-manage.com
Cull,Tale,ctalef5@list-manage.com
Ellette,Bengall,ebengallf6@quantcast.com
Pierette,Martschke,pmartschkef7@yale.edu
Jerrie,Gilluley,jgilluleyf8@ycombinator.com
Sabina,Soall,ssoallf9@wikia.com
Petr,Limprecht,plimprechtfa@artisteer.com
Vinny,McMylor,vmcmylorfb@toplist.cz
Anjanette,Izhak,aizhakfc@apple.com
Anet,Lanchbery,alanchberyfd@simplemachines.org
Krissie,Salerg,ksalergfe@homestead.com
Antonin,Durham,adurhamff@issuu.com
Dorey,Groneway,dgronewayfg@delicious.com
Aldo,Aphale,aaphalefh@theguardian.com
Russell,Dreghorn,rdreghornfi@time.com
Nicko,Cartin,ncartinfj@tinypic.com
Emmanuel,Baff,ebafffk@cargocollective.com
Emanuele,Burgen,eburgenfl@gnu.org
Daphene,Spawton,dspawtonfm@gnu.org
Elvyn,Vequaud,evequaudfn@webeden.co.uk
Frazier,Denerley,fdenerleyfo@businessweek.com
Chevalier,Reimer,creimerfp@archive.org
Rosemary,Gethin,rgethinfq@woothemes.com
Adele,Celez,acelezfr@smh.com.au
Valeda,Blaxlande,vblaxlandefs@yelp.com
Haze,Middlemiss,hmiddlemissft@yale.edu
Osborne,De Ortega,odeortegafu@upenn.edu
Fayre,Carbin,fcarbinfv@vistaprint.com
Blithe,Vaughan,bvaughanfw@weather.com
Hershel,Wabey,hwabeyfx@illinois.edu
Kippie,Paul,kpaulfy@quantcast.com
Hort,Whelpdale,hwhelpdalefz@google.co.jp
Vidovik,Janu,vjanug0@admin.ch
Bessie,Tolerton,btolertong1@samsung.com
Rubi,Chaddock,rchaddockg2@intel.com
Markus,de Broke,mdebrokeg3@blogs.com
Damien,Cruden,dcrudeng4@miibeian.gov.cn
Bellina,Myhill,bmyhillg5@hhs.gov
Hinze,Arthars,hartharsg6@google.ru
Loretta,Danks,ldanksg7@apple.com
Coralyn,Grigori,cgrigorig8@bizjournals.com
Rebekkah,Kolis,rkolisg9@elegantthemes.com
Hort,Manvell,hmanvellga@imageshack.us
Valentin,Vurley,vvurleygb@blogspot.com
Meredith,Ipgrave,mipgravegc@macromedia.com
Tanhya,Scotter,tscottergd@ezinearticles.com
Bette,Dax,bdaxge@nasa.gov
Sarina,Neillans,sneillansgf@rakuten.co.jp
Dalli,MacLoughlin,dmacloughlingg@g.co
Kin,D'Aeth,kdaethgh@amazonaws.com
Jerry,Welburn,jwelburngi@pagesperso-orange.fr
Urban,Spivie,uspiviegj@geocities.com
Mozes,Capstick,mcapstickgk@java.com
Matilde,Truman,mtrumangl@cafepress.com
Lorita,Monteaux,lmonteauxgm@oracle.com
Hagen,Crock,hcrockgn@xinhuanet.com
Devin,Stucke,dstuckego@ftc.gov
Fae,Crossan,fcrossangp@facebook.com
Ricoriki,Lettsom,rlettsomgq@statcounter.com
Udale,Gerant,ugerantgr@ft.com
Phyllis,Just,pjustgs@netlog.com
Tommi,Dimock,tdimockgt@opera.com
Lin,Kleiner,lkleinergu@quantcast.com
Darby,Romanin,dromaningv@apache.org
Danell,Levey,dleveygw@virginia.edu
Mechelle,Birkin,mbirkingx@wsj.com
Wendel,Nicklinson,wnicklinsongy@oracle.com
Matthew,Pelchat,mpelchatgz@vinaora.com
Frederique,Decort,fdecorth0@businessinsider.com
Ricoriki,Extence,rextenceh1@blogspot.com
Sigvard,Gregory,sgregoryh2@soup.io
Clemmie,Dendle,cdendleh3@latimes.com
Marten,Frantzen,mfrantzenh4@tinyurl.com
Adolpho,Durgan,adurganh5@cbc.ca
Lonni,Cosson,lcossonh6@miitbeian.gov.cn
Sigismundo,Karp,skarph7@deliciousdays.com
Robin,Tolman,rtolmanh8@wisc.edu
Mariel,Gilhespy,mgilhespyh9@list-manage.com
Karon,Cottingham,kcottinghamha@dell.com
Maryanna,Drexel,mdrexelhb@reverbnation.com
Shayne,Kornalik,skornalikhc@hexun.com
Lisbeth,Mileham,lmilehamhd@census.gov
Susanne,Allatt,sallatthe@auda.org.au
Engracia,Copyn,ecopynhf@domainmarket.com
Tracey,Lockton,tlocktonhg@networkadvertising.org
Michael,Andrus,mandrushh@issuu.com
Hermann,Symondson,hsymondsonhi@oakley.com
Forbes,Roydon,froydonhj@vkontakte.ru
Brook,Keniwell,bkeniwellhk@cdc.gov
Junina,Pfaff,jpfaffhl@etsy.com
Josie,Danielou,jdanielouhm@noaa.gov
Delmor,Sherrin,dsherrinhn@wunderground.com
Niel,Bemlott,nbemlottho@ning.com
Nissie,Waddell,nwaddellhp@istockphoto.com
Christoffer,Bwy,cbwyhq@sfgate.com
Fania,Amer,famerhr@cpanel.net
Percival,McLoney,pmcloneyhs@harvard.edu
Gracia,Mertel,gmertelht@nih.gov
Saunder,Byas,sbyashu@nbcnews.com
Leroi,Keyho,lkeyhohv@vkontakte.ru
Bondie,Pickford,bpickfordhw@opera.com
Ebony,Caney,ecaneyhx@edublogs.org
Willem,O'Brollachain,wobrollachainhy@wikia.com
Ezra,Mayo,emayohz@furl.net
Gualterio,Acklands,gacklandsi0@irs.gov
Edwina,Edlin,eedlini1@simplemachines.org
Garner,Rounsefell,grounsefelli2@nationalgeographic.com
Scarlett,Handlin,shandlini3@about.com
Padraig,Catherine,pcatherinei4@wikispaces.com
Even,Pifford,epiffordi5@yandex.ru
Bendick,Taile,btailei6@instagram.com
Hillier,Redmire,hredmirei7@myspace.com
Thea,Davidofski,tdavidofskii8@unesco.org
Lolita,Godlonton,lgodlontoni9@newsvine.com
Obadias,Crowley,ocrowleyia@t-online.de
Jeannine,Bamlett,jbamlettib@mac.com
Dunstan,Getten,dgettenic@youku.com
Gladi,Breach,gbreachid@gov.uk
Keenan,Grabiec,kgrabiecie@amazon.de
Carolan,Cahen,ccahenif@independent.co.uk
Shane,Favill,sfavillig@slideshare.net
Bertie,Yggo,byggoih@wikia.com
Brockie,Hayesman,bhayesmanii@macromedia.com
Gabi,Toffoloni,gtoffoloniij@unc.edu
Dillon,Bilham,dbilhamik@engadget.com
Goober,Goodsir,ggoodsiril@squidoo.com
Tally,Kittoe,tkittoeim@ustream.tv
Read,Lumbley,rlumbleyin@wordpress.org
Ginger,Congrave,gcongraveio@rediff.com
Georgia,Olivazzi,golivazziip@biglobe.ne.jp
Boniface,MacCague,bmaccagueiq@microsoft.com
Joann,Saville,jsavilleir@addtoany.com
Max,Gridley,mgridleyis@sogou.com
Sayre,Preston,sprestonit@economist.com
Faye,Kelsell,fkelselliu@msu.edu
Happy,Willingam,hwillingamiv@ustream.tv
Bethanne,Paddie,bpaddieiw@cocolog-nifty.com
Bianka,Tie,btieix@newsvine.com
Cathi,Hawsby,chawsbyiy@google.pl
Florrie,Cordell,fcordelliz@weebly.com
Cassie,Delacoste,cdelacostej0@comsenz.com
Lindsey,Purdie,lpurdiej1@nature.com
Hesther,Benit,hbenitj2@netlog.com
Mada,Billborough,mbillboroughj3@ifeng.com
Elna,Soreau,esoreauj4@ebay.co.uk
Lilith,McCamish,lmccamishj5@prweb.com
Parnell,Longmate,plongmatej6@goo.ne.jp
Rudy,Yarnell,ryarnellj7@fastcompany.com
Suki,Buesden,sbuesdenj8@addthis.com
Augie,Grewcock,agrewcockj9@ca.gov
Rollins,Hayle,rhayleja@webs.com
Bertram,Phuprate,bphupratejb@usgs.gov
Klement,Ewbanke,kewbankejc@usgs.gov
Reggy,Stairmond,rstairmondjd@ibm.com
Ethan,Impett,eimpettje@dailymail.co.uk
Talya,Adolf,tadolfjf@angelfire.com
Mitch,Tomala,mtomalajg@nyu.edu
Armand,Houliston,ahoulistonjh@chronoengine.com
Theresina,Ashford,tashfordji@gizmodo.com
Aretha,Hagwood,ahagwoodjj@wiley.com
Minna,Selvester,mselvesterjk@mediafire.com
Ahmad,Fairhead,afairheadjl@zimbio.com
Benedick,Campos,bcamposjm@bluehost.com
Des,Plan,dplanjn@printfriendly.com
Thorstein,Gyrgorcewicx,tgyrgorcewicxjo@icq.com
Jacquie,Coolson,jcoolsonjp@fastcompany.com
Caddric,Newis,cnewisjq@naver.com
Fidelio,Newlands,fnewlandsjr@princeton.edu
Vin,Perotti,vperottijs@wiley.com
Dalli,O'Farris,dofarrisjt@1688.com
Randy,Ilden,rildenju@freewebs.com
Lezlie,Watmore,lwatmorejv@bloglovin.com
Cinnamon,Brake,cbrakejw@xing.com
Maury,Cohen,mcohenjx@acquirethisname.com
Georgena,Elliot,gelliotjy@who.int
Maddy,Chaucer,mchaucerjz@blogger.com
Stevena,Joiner,sjoinerk0@ycombinator.com
Ginnie,Poon,gpoonk1@dedecms.com
Yule,Scholl,yschollk2@g.co
Jemima,Bemwell,jbemwellk3@sun.com
Mendel,Ruane,mruanek4@sbwire.com
Betsey,Scoines,bscoinesk5@msn.com
Raddie,Hamon,rhamonk6@wired.com
Vinson,Danielsohn,vdanielsohnk7@skyrock.com
Beatrisa,Wennam,bwennamk8@engadget.com
Burnard,Jubert,bjubertk9@mozilla.org
Sterling,Bunner,sbunnerka@so-net.ne.jp
Kynthia,Teasell,kteasellkb@irs.gov
Tonye,Borborough,tborboroughkc@1688.com
Tedman,Teml,ttemlkd@weebly.com
Osgood,O'Hannen,oohannenke@delicious.com
Giselle,Gratton,ggrattonkf@trellian.com
Rab,O'Doherty,rodohertykg@accuweather.com
Samara,Counsell,scounsellkh@mozilla.org
Steffie,Boarleyson,sboarleysonki@canalblog.com
Katina,Dibsdale,kdibsdalekj@nps.gov
Estell,Ratnage,eratnagekk@godaddy.com
Diana,Lillico,dlillicokl@europa.eu
Crosby,Fratczak,cfratczakkm@wordpress.org
Hillary,Stone,hstonekn@yahoo.com
Jenifer,Galilee,jgalileeko@vistaprint.com
Engelbert,Corpe,ecorpekp@amazon.de
Cathlene,Henri,chenrikq@forbes.com
Rosalie,Esson,ressonkr@springer.com
Monroe,Nouch,mnouchks@independent.co.uk
Adair,Menelaws,amenelawskt@bravesites.com
Brandon,Lehrle,blehrleku@skype.com
Stanislas,Taylot,staylotkv@liveinternet.ru
Randal,Agglione,ragglionekw@comcast.net
Frants,Stollhofer,fstollhoferkx@weibo.com
Goldy,Brock,gbrockky@princeton.edu
Conny,Mufford,cmuffordkz@example.com
Curcio,Obern,cobernl0@netscape.com
Tirrell,Titchen,ttitchenl1@taobao.com
Lizzy,Stickins,lstickinsl2@phpbb.com
Georgeta,Kirsche,gkirschel3@cdbaby.com
Ellery,Tolworthy,etolworthyl4@ihg.com
Pamella,Lucia,plucial5@youtube.com
Wanids,Easter,weasterl6@nba.com
Stearne,Tapson,stapsonl7@bloglovin.com
Aluin,Claus,aclausl8@cbc.ca
Moe,Yesipov,myesipovl9@quantcast.com
Beck,Sowten,bsowtenla@prlog.org
Allx,Druce,adrucelb@usatoday.com
Carmelita,Mounch,cmounchlc@360.cn
Terry,De Domenicis,tdedomenicisld@mysql.com
Basil,Dowker,bdowkerle@dion.ne.jp
Humfrid,Frisch,hfrischlf@cisco.com
Charo,Lambole,clambolelg@blogtalkradio.com
Bartholomew,Durdy,bdurdylh@ow.ly
Cammie,Seven,csevenli@timesonline.co.uk
Yvette,Silbermann,ysilbermannlj@thetimes.co.uk
Courtney,Clapperton,cclappertonlk@sciencedirect.com
Powell,Brimicombe,pbrimicombell@springer.com
Karon,Minogue,kminoguelm@yahoo.com
Keslie,Batteson,kbattesonln@soundcloud.com
Marybelle,Balsdon,mbalsdonlo@oakley.com
Vyky,McCaughan,vmccaughanlp@nifty.com
Alfie,Hendrichs,ahendrichslq@skype.com
Dredi,Kleinbaum,dkleinbaumlr@opensource.org
Beryl,Deekes,bdeekesls@mail.ru
Irina,Gregolotti,igregolottilt@hatena.ne.jp
Drusilla,Donahue,ddonahuelu@icio.us
Chandler,Maguire,cmaguirelv@cornell.edu
Nikolaus,Heavy,nheavylw@sina.com.cn
Odelia,Emmerson,oemmersonlx@fc2.com
Marion,Bedwell,mbedwellly@aol.com
Rhona,Winchurst,rwinchurstlz@geocities.jp
Valerie,Delle,vdellem0@themeforest.net
Marylin,Kibbey,mkibbeym1@sun.com
Krystal,Deare,kdearem2@utexas.edu
Winfred,Sudron,wsudronm3@cyberchimps.com
Gard,O'Dowling,godowlingm4@taobao.com
Elsy,Gulliman,egullimanm5@msn.com
Agosto,Dalziel,adalzielm6@alibaba.com
Alikee,Keer,akeerm7@bloomberg.com
Rahal,Mary,rmarym8@sogou.com
Tobye,Rousell,trousellm9@ed.gov
Roi,Borrell,rborrellma@latimes.com
Emmanuel,Easeman,eeasemanmb@wikia.com
Eberhard,Farreil,efarreilmc@scribd.com
Glenna,Baldin,gbaldinmd@mayoclinic.com
Brew,Carayol,bcarayolme@examiner.com
Amory,Friedlos,afriedlosmf@china.com.cn
Greggory,Bourley,gbourleymg@imageshack.us
Cheryl,Crosfeld,ccrosfeldmh@123-reg.co.uk
Wolfgang,Lovewell,wlovewellmi@census.gov
Rance,Stainbridge,rstainbridgemj@canalblog.com
Carolus,Wasling,cwaslingmk@hc360.com
Rebekah,Hamlett,rhamlettml@google.co.uk
Marlow,Matteucci,mmatteuccimm@nhs.uk
Jill,Spavon,jspavonmn@nifty.com
Kassie,Viney,kvineymo@xing.com
Tannie,Cabotto,tcabottomp@utexas.edu
Aloin,Sive,asivemq@nba.com
Shandie,Adenot,sadenotmr@comsenz.com
Lishe,Burchall,lburchallms@jugem.jp
Jacob,Swayton,jswaytonmt@shareasale.com
Tessa,Haggerty,thaggertymu@addthis.com
Kris,Longford,klongfordmv@ask.com
Cherye,Sunners,csunnersmw@google.fr
Kakalina,Warlaw,kwarlawmx@ow.ly
Kasper,Romaint,kromaintmy@geocities.jp
Klement,Keaysell,kkeaysellmz@jimdo.com
Florry,Johanning,fjohanningn0@hp.com
Gwynne,Waplington,gwaplingtonn1@google.ru
Rodrique,Kagan,rkagann2@topsy.com
Julius,Shotton,jshottonn3@jiathis.com
Susann,Gaddesby,sgaddesbyn4@theglobeandmail.com
Aldous,MacFarland,amacfarlandn5@elegantthemes.com
Galven,Custard,gcustardn6@addtoany.com
Shawnee,Bompas,sbompasn7@cafepress.com
Tilda,Gilliatt,tgilliattn8@tmall.com
Maryjo,Le Brom,mlebromn9@webeden.co.uk
Cordy,Surgener,csurgenerna@instagram.com
Tull,Baradel,tbaradelnb@de.vu
Raymund,Ellson,rellsonnc@webmd.com
Jarib,Martina,jmartinand@yale.edu
Tristan,Vaughton,tvaughtonne@mapquest.com
Gisella,Jorez,gjoreznf@aol.com
Norbert,Grevatt,ngrevattng@nationalgeographic.com
Pierson,Tatum,ptatumnh@bing.com
Kipp,McGriele,kmcgrieleni@lycos.com
Darill,Robberts,drobbertsnj@merriam-webster.com
Chevy,Roakes,croakesnk@tripod.com
Gibby,McGann,gmcgannnl@google.fr
Berty,Ripper,brippernm@people.com.cn
Bert,Grisewood,bgrisewoodnn@a8.net
Kippy,McCorrie,kmccorrieno@taobao.com
Madelene,Imore,mimorenp@comcast.net
Joli,McCreath,jmccreathnq@canalblog.com
Hulda,Breslau,hbreslaunr@wix.com
Aurelia,Gillean,agilleanns@java.com
Ruttger,Surcombe,rsurcombent@addthis.com
Bria,Ector,bectornu@blinklist.com
Valentino,Currey,vcurreynv@skype.com
Jessy,Durling,jdurlingnw@wix.com
Ardenia,McCutcheon,amccutcheonnx@usda.gov
Geri,Klos,gklosny@cbslocal.com
Antoinette,Callum,acallumnz@twitpic.com
Jonah,Brimmicombe,jbrimmicombeo0@addtoany.com
Helen,Tadman,htadmano1@wikipedia.org
Prentiss,Atterley,patterleyo2@google.ru
Marguerite,Dugdale,mdugdaleo3@harvard.edu
Elise,Weightman,eweightmano4@histats.com
Rosalinde,Kitcatt,rkitcatto5@posterous.com
Aili,Tole,atoleo6@bloglovin.com
Celie,Eason,ceasono7@ask.com
Veronike,Massow,vmassowo8@etsy.com
Bevon,Fulbrook,bfulbrooko9@multiply.com
Tallia,O'Loughnan,toloughnanoa@dmoz.org
Alden,Springtorpe,aspringtorpeob@prnewswire.com
Carmita,Kinze,ckinzeoc@csmonitor.com
Jobye,Provost,jprovostod@apple.com
Trumann,Guerreau,tguerreauoe@naver.com
Joelie,Tarquinio,jtarquinioof@answers.com
Chickie,Botger,cbotgerog@discovery.com
Chaddie,Riatt,criattoh@desdev.cn
Elbertine,Dioniso,edionisooi@gizmodo.com
Stafani,Stuckey,sstuckeyoj@wired.com
Zulema,Klimuk,zklimukok@friendfeed.com
Xaviera,Jacquemot,xjacquemotol@csmonitor.com
Nollie,Castanaga,ncastanagaom@xing.com
Culley,Stoffer,cstofferon@nih.gov
Mignonne,Hedlestone,mhedlestoneoo@drupal.org
Arabele,Blase,ablaseop@gmpg.org
Marna,Blumire,mblumireoq@yellowpages.com
Fitz,Troyes,ftroyesor@e-recht24.de
Christoph,Turle,cturleos@spotify.com
Drucill,Bellam,dbellamot@hhs.gov
Peggi,Alven,palvenou@berkeley.edu
Arabele,Kilshaw,akilshawov@ted.com
Bertie,Seatter,bseatterow@cdc.gov
Anetta,Delamaine,adelamaineox@goo.ne.jp
Niles,Zeal,nzealoy@nih.gov
Christyna,Trower,ctroweroz@engadget.com
Antons,Tolson,atolsonp0@ow.ly
Brandais,Joskovitch,bjoskovitchp1@hexun.com
Hodge,Churches,hchurchesp2@e-recht24.de
Gerhard,Harness,gharnessp3@newyorker.com
Matty,Fussen,mfussenp4@forbes.com
Lacee,Arkle,larklep5@disqus.com
Pierette,Simko,psimkop6@wufoo.com
Andrew,Passby,apassbyp7@linkedin.com
Sigismund,Dennistoun,sdennistounp8@typepad.com
Starr,Mickleburgh,smickleburghp9@netvibes.com
Marthena,Pogg,mpoggpa@reuters.com
Clemens,Aronsohn,caronsohnpb@techcrunch.com
Johny,Brownhall,jbrownhallpc@reddit.com
Benedicto,MacCallam,bmaccallampd@youtube.com
Brigitte,Mulhill,bmulhillpe@usnews.com
Glory,Bache,gbachepf@msu.edu
Darill,Justham,djusthampg@twitter.com
Bernardo,Batie,bbatieph@discuz.net
Darbie,Frankowski,dfrankowskipi@yellowpages.com
Bertina,Leddy,bleddypj@dyndns.org
Starla,Matlock,smatlockpk@phpbb.com
Isaiah,Arro,iarropl@auda.org.au
Leonhard,Spellacey,lspellaceypm@google.nl
Omero,Paxeford,opaxefordpn@upenn.edu
Iona,Goulbourne,igoulbournepo@ucoz.ru
Ripley,Mattes,rmattespp@de.vu
Alexis,Ridout,aridoutpq@vkontakte.ru
Sayer,Chue,schuepr@drupal.org
Clari,Selliman,csellimanps@reference.com
Gasparo,Pascall,gpascallpt@psu.edu
Deni,Rawstron,drawstronpu@deliciousdays.com
Fairleigh,Enrietto,fenriettopv@census.gov
Bobbette,Arpino,barpinopw@reverbnation.com
Charmion,Morgen,cmorgenpx@shareasale.com
Jesus,Shepheard,jshepheardpy@godaddy.com
Broderic,Abramov,babramovpz@ebay.com
Nico,Battams,nbattamsq0@yale.edu
Thomasine,Andrzejewski,tandrzejewskiq1@taobao.com
Marchall,Playle,mplayleq2@nature.com
Obadias,Coldman,ocoldmanq3@cbslocal.com
Ruggiero,Yakobovitz,ryakobovitzq4@sohu.com
Wash,McMorland,wmcmorlandq5@constantcontact.com
Ainslee,Badder,abadderq6@amazon.com
Evin,Huncoot,ehuncootq7@apple.com
Corri,Wille,cwilleq8@lycos.com
Birk,Ribchester,bribchesterq9@pen.io
Cristabel,Lardnar,clardnarqa@behance.net
Larry,Oxnam,loxnamqb@ibm.com
Dave,Coppins,dcoppinsqc@smugmug.com
Ignacio,Lydiatt,ilydiattqd@t.co
Gabriello,Westmancoat,gwestmancoatqe@people.com.cn
Ferrell,Undy,fundyqf@boston.com
Maurine,MacCaull,mmaccaullqg@gmpg.org
Elicia,Mosdill,emosdillqh@ox.ac.uk
Boonie,Frift,bfriftqi@hugedomains.com
Kayla,McKew,kmckewqj@printfriendly.com
Joye,Stutter,jstutterqk@networkadvertising.org
Truman,Pavitt,tpavittql@livejournal.com
Mikel,Alanbrooke,malanbrookeqm@diigo.com
Gipsy,Dirkin,gdirkinqn@gizmodo.com
Silvan,Catchpole,scatchpoleqo@studiopress.com
Justinn,Laurence,jlaurenceqp@myspace.com
Matias,Moatt,mmoattqq@google.it
Elset,Turbayne,eturbayneqr@epa.gov
Curcio,Oulner,coulnerqs@cnet.com
Basilio,Lidgett,blidgettqt@mac.com
Filip,Watkiss,fwatkissqu@spiegel.de
Sadella,Thorburn,sthorburnqv@123-reg.co.uk
Odessa,Wintour,owintourqw@jigsy.com
Bing,Gannan,bgannanqx@zdnet.com
Hashim,Auchterlonie,hauchterlonieqy@howstuffworks.com
Luis,Stoile,lstoileqz@multiply.com
Reilly,Samples,rsamplesr0@wix.com
Alwin,Pawle,apawler1@google.co.uk
Silvain,Semmence,ssemmencer2@house.gov
Linn,Pochin,lpochinr3@youtube.com
Zaria,Empleton,zempletonr4@elpais.com
Ranique,Hulles,rhullesr5@taobao.com
Inger,Marham,imarhamr6@mit.edu
Steven,Trevithick,strevithickr7@biblegateway.com
Agna,Benstead,abensteadr8@edublogs.org
Benedikta,Ahlin,bahlinr9@eepurl.com
Catie,Waterhouse,cwaterhousera@wired.com
Karna,Clemont,kclemontrb@nyu.edu
Briant,Cotta,bcottarc@newsvine.com
Carina,Sandy,csandyrd@about.com
Frederic,Armor,farmorre@mozilla.com
Cad,Sweeten,csweetenrf@soup.io
Galina,Kerton,gkertonrg@live.com
Geoff,Pittford,gpittfordrh@g.co
Kalina,Cicco,kciccori@quantcast.com
Eliot,Kitchingman,ekitchingmanrj@weibo.com
Kristos,Candwell,kcandwellrk@buzzfeed.com
Jameson,Swatheridge,jswatheridgerl@unicef.org
Philippa,Fantini,pfantinirm@so-net.ne.jp
Micheal,Kitman,mkitmanrn@myspace.com
Raynor,Cartmill,rcartmillro@canalblog.com
Uriel,Spreag,uspreagrp@utexas.edu
Ephrem,Gamlyn,egamlynrq@indiegogo.com
Aloysius,Angear,aangearrr@aol.com
